,pid,elapsed_times,runtime_start,runtime_end,native_start,native_end,pss_start,pss_end
0,2863,9434,1422608,1772872,6512280,6523896,11201,12085
1,3105,9416,1422608,1772872,6512280,6527248,11205,11953
2,3396,9443,1422472,1772736,6512120,6523896,11197,11945
3,3645,9376,1422472,1772736,6512120,6527088,11197,11953
4,3930,9349,1422472,1756352,6510376,6521704,11193,11937
5,4142,9330,1422472,1756352,6512120,6523960,11197,11941
6,4371,9350,1422608,1756488,6512392,6524360,11205,11937
7,4573,9418,1422472,1756352,6512120,6524088,11197,11929
8,4774,9412,1438856,1756352,6512120,6524088,11201,11933
9,4975,9379,1438992,1756488,6510616,6522072,11184,11923
10,5173,9323,1422608,1772872,6512408,6527488,11200,11943
11,5405,9452,1422608,1772872,6513456,6523120,11200,11931
12,5608,9447,1422608,1772872,6512280,6524120,11204,11935
13,5800,9395,1438992,1756488,6512280,6524248,11199,11928
14,6086,9386,1422472,1756352,6513424,6523072,11191,11920
15,6281,9350,1422608,1756488,6512280,6524248,11195,11924
16,6478,9402,1422472,1756352,6512120,6524088,11193,11922
17,6675,9515,1438856,1772736,6512120,6524088,11197,11938
18,6917,9413,1422608,1756488,6512280,6524120,11197,11926
19,7110,9369,1438992,1772872,6512392,6524360,11205,11934
20,7301,9419,1422472,1756352,6512120,6523960,11197,11930
21,7501,9572,1422472,1756352,6512248,6524216,11193,11922
22,7707,9388,1438856,1756352,6512232,6524200,11201,11934
23,7907,9374,1438856,1772736,6512232,6524200,11197,11930
24,8110,9311,1422608,1772872,6512280,6527248,11205,11934
25,8308,9348,1422472,1756352,6512120,6524088,11197,11926
26,8506,9349,1422608,1756488,6514328,6524248,11205,11934
27,8696,9391,1422472,1756352,6512120,6523944,11193,11922
28,8894,9562,1438856,1756352,6512264,6524232,11193,11922
29,9094,9418,1422608,1756488,6514328,6524248,11205,11934
30,9294,9337,1438992,1756488,6511408,6523120,11205,11934
31,9506,9462,1422472,1756352,6514168,6524200,11201,11934
32,9695,9446,1438992,1740104,6510616,6522072,11195,11920
33,9890,9327,1422608,1756488,6512680,6524360,11219,11940
34,10080,9354,1422472,1772736,6512120,6524088,11207,11940
35,10268,9334,1422608,1756488,6512280,6524360,11215,11936
36,13269,9442,1438992,1756488,6512392,6524232,11208,11930
37,13462,9393,1422608,1756488,6511408,6523120,11208,11922
38,13655,9408,1438856,1756352,6512232,6524200,11200,11930
39,13850,9233,1438856,1756352,6512232,6524200,11204,11934
40,14044,9453,1422608,1772872,6512280,6527248,11212,11954
41,14245,9333,1422472,1772736,6512120,6524088,11204,11942
42,14434,9550,1422608,1756488,6512280,6524248,11212,11942
43,14628,9382,1438944,1756440,6510488,6521944,11192,11902
44,14811,9462,1438992,1756488,6511536,6523248,11212,11922
45,14998,9341,1422472,1756352,6512120,6524088,11200,11926
46,15191,9299,1438856,1756352,6511248,6522960,11206,11920
47,15382,9394,1455376,1756488,6511032,6522488,11206,11918
48,15576,9483,1422472,1756352,6512120,6524024,11206,11922
49,15773,9375,1438992,1756488,6512520,6524488,11206,11930
50,15967,9376,1422472,1756352,6512120,6523960,11206,11930
51,16188,9507,1438856,1772736,6512232,6527200,11202,11938
52,16381,9349,1422472,1756352,6512120,6523960,11202,11926
53,16570,9360,1422608,1756488,6512312,6524392,11218,11942
54,16756,9431,1438992,1756488,6513376,6527528,11222,11950
55,16949,9543,1438992,1756488,6512504,6524216,11218,11946
56,17267,9392,1422472,1772736,6512248,6524216,10635,11365
57,17509,9422,1438856,1756352,6510344,6521800,10645,11350
58,17749,9511,1422608,1756488,6512280,6524232,10679,11402
59,17940,9403,1422472,1756352,6512120,6524088,10671,11390
60,18145,9427,1438992,1772872,6509016,6520472,10663,11374
61,18349,9405,1422608,1756488,6512280,6524248,10683,11402
62,18553,9472,1438856,1756352,6512232,6524312,10670,11389
63,18749,9481,1438856,1756352,6512232,6524072,10670,11389
64,18942,9336,1422472,1756352,6512120,6524088,10674,11393
65,19137,9466,1422608,1756488,6512408,6524488,10682,11401
66,19328,9430,1422472,1756352,6512120,6524200,10678,11385
67,19519,9403,1422608,1756488,6512280,6524248,10682,11393
68,19706,9539,1422608,1772872,6512280,6527120,10686,11405
69,19898,9372,1438856,1772736,6512360,6524328,10674,11389
70,20089,9442,1422608,1756488,6511536,6523120,10682,11373
71,20282,9371,1422608,1756488,6513520,6525360,10689,11395
72,20472,9458,1438992,1756488,6512648,6524616,10686,11393
73,20662,9406,1422608,1740104,6511616,6523440,10681,11375
74,20866,9370,1422608,1756488,6513392,6525360,10693,11399
75,21052,9483,1422608,1756488,6513392,6525360,10693,11399
76,21235,9418,1422472,1772736,6512248,6524088,10674,11393
77,21424,9487,1455376,1756488,6511744,6523456,10685,11379
78,21614,9433,1438856,1772736,6511520,6523168,10674,11365
79,21810,9435,1438856,1756352,6510584,6522040,10666,11365
80,22003,9392,1438856,1772736,6512360,6524264,10682,11389
81,22190,9431,1438992,1756488,6513504,6525472,10697,11403
82,22384,9554,1422472,1756352,6512248,6524216,10686,11373
83,24778,9394,1422456,1772720,6512336,6524304,10592,11393
84,24968,9400,1438856,1756352,6512360,6524200,10678,11385
85,25154,9362,1422608,1756488,6512408,6524488,10690,11401
86,25343,9470,1422608,1756488,6512408,6524376,10690,11397
87,25533,9474,1422608,1772872,6512408,6524376,10690,11396
88,25730,9347,1422608,1756488,6512408,6524376,10690,11396
89,25931,9474,1422472,1756352,6512248,6524216,10686,11368
90,26142,9315,1438992,1740104,6510632,6522088,10655,11348
91,26334,9555,1422608,1772872,6512536,6524376,10671,11380
92,26555,9327,1422472,1756352,6509856,6521424,10651,11348
93,26747,9446,1422608,1772872,6512408,6524088,10671,11380
94,26943,9430,1438992,1756488,6512648,6524616,10671,11376
95,27139,9612,1422472,1772736,6512248,6524264,10666,11058
96,27464,9464,1422608,1772872,6512408,6527376,10270,10949
97,27659,9437,1422608,1756488,6512408,6524376,10278,10945
98,27848,9461,1438992,1756488,6512632,6524600,10286,10961
99,28040,9409,1439208,1773088,6512520,6524488,10286,10961
100,28243,9391,1422608,1740104,6512536,6524504,10282,10953
101,28440,9379,1422608,1772872,6512408,6524376,10282,10957
102,28629,9345,1438992,1756488,6511664,6523376,10274,10937
103,28820,9542,1422472,1756352,6512248,6523960,10274,10949
104,30417,9325,1422608,1756488,6513520,6525488,9873,10524
105,30637,9450,1438856,1756352,6511504,6523216,9857,10494
106,30824,9365,1438992,1756488,6513632,6525472,9920,10573
107,31019,9410,1422608,1772872,6512536,6524504,9906,10555
108,31266,9421,1438992,1756488,6513632,6525344,9879,10531
109,31460,9384,1438856,1756352,6512488,6524456,9869,10521
110,31656,9312,1422608,1756488,6512648,6524488,9877,10529
111,31854,9419,1438856,1756352,6511504,6523216,9869,10509
112,32045,9604,1438992,1756488,6512648,6524232,9877,10529
113,32238,9457,1422696,1756576,6512568,6524536,9877,10529
114,32427,9317,1422608,1772872,6512568,6524312,9881,10533
115,32620,9407,1422472,1756352,6512376,6524344,9873,10525
116,472,9372,1438992,1756488,6512648,6524616,9881,10533
117,1073,9409,1438992,1772872,6512648,6524616,9877,10532
118,1530,9567,1422608,1772872,6512536,6524488,9881,10532
119,1953,9413,1438992,1772872,6512648,6524616,9881,10533
120,2323,9265,1438992,1756488,6512648,6524616,9877,10529
121,2572,9435,1422608,1756488,6518816,6522216,9865,10505
122,2886,9495,1422472,1756352,6512376,6524344,9876,10516
123,3129,9523,1422608,1756488,6512648,6524728,9884,10524
124,3413,9379,1439080,1740192,6510984,6522440,9878,10502
125,3675,9388,1422608,1756488,6512536,6524504,9880,10520
126,3915,9392,1438992,1756488,6511856,6523568,9878,10510
127,4122,9504,1422472,1756352,6512376,6524344,9879,10514
128,4343,9395,1422608,1740104,6510872,6522440,9875,10494
129,4562,9556,1422608,1756488,6512568,6524408,9883,10518
130,4767,9386,1438856,1739968,6509728,6521184,9859,10482
131,4951,9403,1422608,1756488,6513552,6525392,9889,10524
132,5164,9478,1438856,1756352,6512488,6524456,9862,10499
133,5382,9351,1422472,1756352,6512376,6524344,9862,10499
134,5589,9563,1438992,1756488,6513632,6525472,9876,10513
135,5791,9370,1422472,1772736,6512376,6524216,9862,10511
136,6024,9450,1438992,1756488,6512648,6524616,9874,10511
137,6265,9345,1422608,1756488,6511664,6523376,9874,10495
138,6457,9345,1422608,1756488,6512792,6524616,9876,10513
139,6649,9468,1422608,1756488,6512536,6524504,9872,10509
140,6893,9439,1422472,1756352,6512376,6524328,9868,10505
141,7096,9354,1422608,1756488,6512648,6524616,9876,10513
142,7288,9415,1422472,1756352,6512376,6524344,9868,10505
143,7488,9432,1422608,1756488,6511664,6523376,9876,10497
144,7692,9430,1422608,1756488,6512648,6524616,9880,10517
145,7888,9348,1422472,1756352,6512376,6524344,9868,10505
146,8088,9460,1422608,1740104,6511744,6523456,9870,10507
147,8281,9411,1438840,1772720,6512464,6524432,9787,10521
148,8465,9356,1438856,1756352,6512488,6524456,9859,10507
149,8666,9405,1422472,1772736,6512408,6524376,9867,10519
150,8864,9386,1438992,1740104,6511272,6522728,9870,10502
151,9054,9303,1439208,1773088,6512648,6527360,9874,10526
152,9252,9390,1438992,1756488,6512648,6524616,9870,10518
153,9452,9335,1422472,1756352,6512376,6524216,9858,10506
154,9650,9349,1438856,1756352,6512488,6524200,9862,10498
155,9843,9422,1438856,1756352,6512488,6524456,9862,10497
156,10057,9297,1422608,1756488,6512536,6524504,9866,10502
157,10272,9561,1422608,1756488,6512536,6524376,9873,10509
158,10466,9453,1422608,1740104,6519048,6522440,9865,10477
159,10669,9435,1422608,1772872,6512536,6524280,9872,10507
160,10858,9361,1438992,1756488,6512648,6524616,9868,10503
161,11052,9375,1422472,1756352,6511504,6523216,9860,10465
162,11247,9457,1438992,1772872,6512648,6524616,9859,10501
163,11443,9471,1422472,1756352,6512632,6524344,9846,10479
164,11642,9429,1422608,1756488,6513520,6525360,9864,10497
165,11833,9441,1438992,1756488,6512760,6524728,9858,10491
166,12037,9514,1422608,1756488,6512536,6524504,9858,10495
167,12255,9432,1422472,1756352,6512408,6524376,9854,10487
168,12452,9490,1438992,1756488,6512648,6524488,9858,10495
169,12649,9372,1438856,1756352,6512488,6524456,9850,10483
170,12847,9395,1438856,1772736,6512488,6524456,9858,10495
171,13045,9474,1422472,1756352,6512376,6524216,9854,10487
172,13240,9469,1422608,1756488,6512536,6524504,9862,10499
173,13431,9421,1438992,1772872,6512208,6523456,9856,10489
174,13648,9411,1422608,1772872,6512536,6524616,9799,10499
175,13835,9332,1422456,1772720,6512352,6524192,9770,10491
176,14030,9342,1438992,1756488,6513888,6525856,9864,10501
177,14216,9370,1422472,1756352,6512376,6524344,9850,10487
178,14408,9354,1438992,1772872,6512648,6524616,9862,10515
179,14599,9378,1438856,1756352,6512488,6524568,9854,10503
180,14791,9320,1422608,1756488,6512536,6524504,9862,10511
181,14995,9337,1438992,1756488,6512648,6524616,9882,10511
182,18905,9318,1438992,1756488,6512904,6524872,9857,10486
183,19093,9365,1438856,1756352,6512488,6524264,9849,10470
184,19286,9340,1438856,1756352,6511616,6523200,9853,10454
185,19474,9404,1438992,1756488,6509272,6520728,9840,10450
186,19658,9430,1422608,1772872,6512536,6524216,9856,10474
187,3136,9302,1422592,1772856,6513496,6525448,9673,10368
188,3240,9405,1422472,1756352,6512376,6524344,9791,10403
189,3521,9355,1438992,1756488,6512760,6524840,9804,10415
190,3769,9378,1438856,1772736,6512776,6524680,9792,10403
191,3996,9399,1438992,1756488,6512648,6524616,9800,10411
192,4177,9458,1422472,1756352,6512376,6524344,9791,10403
193,4414,9467,1438992,1756488,6512648,6524616,9804,10415
194,4628,9434,1438856,1772736,6512488,6524328,9792,10415
195,4841,9337,1438368,1755864,6512648,6524616,9803,10415
196,5029,9424,1438232,1755728,6512488,6524456,9792,10403
197,5235,9324,1438368,1755864,6513632,6525600,9802,10413
198,5451,9384,1438232,1755728,6512488,6524456,9792,10403
199,5647,9371,1438664,1772544,6511504,6523088,9755,10402
200,5854,9286,1438888,1740000,6510184,6521640,9721,10382
201,6038,9459,1422720,1756600,6522168,6524944,9738,10390
